0.	0.15707963267948966	3.141592653589793	0.	5.585809592645319e-16	0.	0.4217827674798838	-0.4938441702975681	-0.578217232520115	-0.49384417029756855
0.	0.3141592653589793	3.141592653589793	0.	4.894979461973404e-18	0.	0.34549150281252694	-0.4755282581475777	-0.6545084971874742	-0.47552825814757715
0.	0.47123889803846897	3.141592653589793	0.	8.737416745370638e-17	0.	-0.27300475013022635	0.44550326209418345	0.7269952498697724	0.4455032620941833
0.	0.6283185307179586	3.141592653589793	0.	-4.230164835627224e-17	0.	-0.20610737385376357	0.40450849718747395	0.7938926261462367	0.40450849718747367
0.	0.7853981633974483	3.141592653589793	0.	4.701416854423923e-17	0.	-0.1464466094067263	0.35355339059327384	0.8535533905932744	0.35355339059327406
0.	0.9424777960769379	3.141592653589793	0.	-9.623582756203575e-19	0.	0.09549150281252629	-0.2938926261462365	-0.9045084971874736	-0.2938926261462365
0.	1.0995574287564276	3.141592653589793	0.	1.066918415207018e-17	0.	-0.054496737905816064	0.22699524986977332	0.9455032620941837	0.22699524986977332
0.	1.2566370614359172	3.141592653589793	0.	2.370947876220175e-18	0.	0.024471741852423224	-0.15450849718747373	-0.9755282581475766	-0.1545084971874737
0.	1.413716694115407	3.141592653589793	0.	-3.8322881669928284e-18	0.	-0.0061558297024311235	0.07821723252011521	0.9938441702975691	0.07821723252011545
0.	1.5707963267948966	3.141592653589793	0.	0.	0.	0.	0.	1.0000000000000002	0.
0.	1.7278759594743864	3.141592653589793	0.	-3.886498278848278e-18	0.	0.006155829702431131	0.07821723252011543	-0.9938441702975689	0.07821723252011543
0.	1.8849555921538759	3.141592653589793	0.	2.804632053936827e-18	0.	-0.024471741852423245	-0.15450849718747373	0.9755282581475767	-0.1545084971874737
0.	2.0420352248333655	3.141592653589793	0.	1.7608607451569443e-17	0.	0.054496737905816	0.22699524986977343	-0.9455032620941839	0.22699524986977337
0.	2.199114857512855	3.141592653589793	0.	5.9799237600759374e-18	0.	-0.09549150281252625	-0.29389262614623657	0.9045084971874735	-0.2938926261462365
0.	2.356194490192345	3.141592653589793	0.	-2.2103719950878642e-17	0.	-0.14644660940672624	-0.35355339059327384	0.8535533905932737	-0.3535533905932738
0.	2.5132741228718345	3.141592653589793	0.	-1.0914271197657969e-16	0.	-0.2061073738537634	-0.4045084971874737	0.7938926261462365	-0.4045084971874736
0.	2.670353755551324	3.141592653589793	0.	-1.584185827380802e-17	0.	-0.2730047501302263	-0.4455032620941835	0.7269952498697732	-0.4455032620941837
0.	2.827433388230814	3.141592653589793	0.	4.894979461973404e-18	0.	0.3454915028125261	0.47552825814757665	-0.6545084971874728	0.47552825814757615
0.	2.9845130209103035	3.141592653589793	0.	1.1709383462843448e-16	0.	0.4217827674798846	0.493844170297569	-0.5782172325201157	0.49384417029756905
0.	3.141592653589793	3.141592653589793	0.	2.2898349882893854e-16	0.	-0.5	-0.5000000000000001	0.5000000000000001	-0.5
0.05	0.15707963267948966	3.141592653589793	0.012804742333669884	-2.000134160745909	0.02561141158652998	-0.42179419124997397	0.4938575458138216	0.5782039445295393	0.49383282128146916
0.05	0.3141592653589793	3.141592653589793	0.013894424135746972	3.4346476367061983e-16	0.027385809867419272	-0.3455130852423248	0.47555796381375137	0.6544801695987824	0.4755076769496767
0.05	0.47123889803846897	3.141592653589793	0.017398700872642964	-8.146220394516534e-17	0.030149602259238042	-0.27303520879311927	0.4455529661146129	0.7269520114947655	0.44547676558390115
0.05	0.6283185307179586	3.141592653589793	0.016813860488004057	2.0003179283970214	0.03363253562601437	-0.20614415718630824	0.4045806885423536	0.793838177945482	0.40448075444351
0.05	0.7853981633974483	3.0925052683774528	0.01874547641546019	1.999767478592493	0.037494142055966725	-0.1464851694011442	0.35364648265476256	0.853495294587727	0.35352932643985663
0.05	0.9424777960769379	3.0925052683774528	0.02067619110734865	1.9998435318052539	0.04135686653208941	-0.09552594079080164	0.29399861534502814	0.9044563815486331	0.29387569274869546
0.05	1.0995574287564276	3.0925052683774528	0.022416462204207108	1.999957818787998	0.044842727702707495	-0.05452178179287675	0.22709956516678934	0.9454654208832098	0.22698616499880064
0.05	1.2566370614359172	1.227184630308513	0.025527146574737043	0.013828040404941146	0.04761014050290193	-0.024485094543552542	0.15459280276131646	0.9755081474975936	0.15450531197343156
0.05	1.413716694115407	1.227184630308513	0.028013753702320815	0.007269465688108991	0.049387468921695876	-0.006159550724739501	0.07826451259139333	0.9938385808955139	0.07821679262463359
0.05	1.5707963267948966	1.227184630308513	0.028843238754721157	-9.439253357490705e-17	0.05000000000000147	0.	0.	1.0000000000000104	0.
0.05	1.7278759594743864	1.227184630308513	0.028013753702322067	-0.0072694656881081825	0.049387468921697736	0.006159550724740464	0.07826451259140568	-0.9938385808954971	0.07821679262463226
0.05	1.8849555921538759	1.227184630308513	0.02552714657474375	-0.013828040404940413	0.0476101405029109	0.024485094543551314	0.15459280276130857	-0.9755081474975634	0.1545053119734268
0.05	2.0420352248333655	3.0925052683774528	0.022416462204207344	-1.9999578187879985	0.04484272770271047	0.05452178179287464	0.22709956516678093	-0.9454654208832433	0.22698616499880866
0.05	2.199114857512855	3.0925052683774528	0.020676191107349196	-1.9998435318052565	0.04135686653207399	0.09552594079080089	0.29399861534502597	-0.9044563815486236	0.2938756927486924
0.05	2.356194490192345	3.0925052683774528	0.018745476415459372	-1.9997674785924906	0.037494142055965005	0.14648516940115183	0.3536464826547811	-0.8534952945877727	0.35352932643987556
0.05	2.5132741228718345	3.141592653589793	0.016813860487995047	-2.0003179283970267	0.03363253562581082	0.20614415718638993	0.40458068854251406	-0.7938381779460074	0.40448075444377773
0.05	2.670353755551324	3.141592653589793	0.017398700872642094	1.2371943328869317e-17	0.03014960225923902	0.2730352087929043	0.4455529661142623	-0.7269520114941805	0.4454767655835427
0.05	2.827433388230814	3.141592653589793	0.013894424135627725	-3.191147024939598e-16	0.02738580986721245	0.34551308524111	0.4755579638120794	-0.6544801695965796	0.4755076769480763
0.05	2.9845130209103035	3.141592653589793	0.012804742326677665	2.000134160746339	0.02561141158882036	0.4217941913713406	0.4938575459559236	-0.5782039446945322	0.4938328214223864
0.05	3.141592653589793	3.141592653589793	0.012499023551920566	-2.0001171779647686	0.025000000000001306	0.49999999999999467	0.4999999999999947	-0.4999999999999938	0.4999999999999937
0.1	0.15707963267948966	3.141592653589793	0.025602564023785444	-2.0005363685229933	0.051220535837534845	-0.4218284182375782	0.49389762046740737	0.5781641350506547	0.4937988207744554
0.1	0.3141592653589793	3.141592653589793	0.02777148953429166	1.5160328980251196e-16	0.05476277137998479	-0.34557773615250353	0.47564694815766334	0.6543953158268111	0.4754460270756779
0.1	0.47123889803846897	3.141592653589793	0.0347712366251981	2.2862981046787046e-16	0.06028074878675284	-0.2731264322590704	0.44570182928143104	0.726822492761139	0.44539739640185594
0.1	0.6283185307179586	3.0925052683774528	0.03362772335348413	2.000105327117487	0.0672366074118229	-0.20625432789652365	0.40479691073562135	0.7936750285463379	0.40439762567257637
0.1	0.7853981633974483	3.0925052683774528	0.03748517301872295	2.000295903429674	0.07495317083548843	-0.14660070826008406	0.35392541813499634	0.8533210909085278	0.35345716891331697
0.1	0.9424777960769379	3.0925052683774528	0.04133940528254192	2.000539619598419	0.08267865472518128	-0.09562920772330885	0.2943164382831402	0.9042999441652382	0.29382486316160333
0.1	1.0995574287564276	3.0925052683774528	0.04481342791930053	2.000822271390291	0.0896578904928777	-0.05459695360624236	0.2274126783037184	0.945351689572925	0.2269588605269589
0.1	1.2566370614359172	1.227184630308513	0.05094223341845505	0.02761056865217861	0.09520480985402731	-0.024525213414051176	0.15484610334069426	0.975447633529195	0.15449572750241491
0.1	1.413716694115407	1.227184630308513	0.0558931474677244	0.014512835620730859	0.09877049741839174	-0.0061707388039740525	0.07840667061675208	0.993821747793783	0.0782154678307962
0.1	1.5707963267948966	1.227184630308513	0.05754329017703759	-2.876522551896921e-16	0.09999999999999987	0.	0.	-1.000000000000003	0.
0.1	1.7278759594743864	1.227184630308513	0.05589314746772475	-0.0145128356207308	0.09877049741839271	0.006170738803974474	0.07840667061675756	-0.9938217477937749	0.07821546783079555
0.1	1.8849555921538759	1.227184630308513	0.05094223341845617	-0.027610568652178643	0.09520480985402914	0.024525213414050943	0.15484610334069265	-0.9754476335292022	0.15449572750241605
0.1	2.0420352248333655	3.0925052683774528	0.04481342791930015	-2.000822271390292	0.08965789049286624	0.0545969536062405	0.22741267830371104	-0.9453516895729416	0.22695886052696287
0.1	2.199114857512855	3.0925052683774528	0.04133940528254221	-2.000539619598419	0.082678654725202	0.09562920772330921	0.29431643828314147	-0.9042999441652101	0.29382486316159423
0.1	2.356194490192345	3.0925052683774528	0.03748517301872312	-2.0002959034296786	0.07495317083549245	0.14660070826008453	0.35392541813499756	-0.8533210909085439	0.3534571689133237
0.1	2.5132741228718345	3.0925052683774528	0.03362772335348457	-2.0001053271174882	0.06723660741179244	0.20625432789651962	0.4047969107356136	-0.7936750285463285	0.4043976256725716
0.1	2.670353755551324	3.141592653589793	0.03477123662519221	1.079282960657259e-16	0.06028074878674502	0.2731264322589798	0.4457018292812834	-0.7268224927608457	0.4453973964016762
0.1	2.827433388230814	3.141592653589793	0.027771489534221025	2.6017126471581785e-17	0.05476277137992819	0.3455777361524976	0.4756469481576553	-0.6543953158267831	0.47544602707565753
0.1	2.9845130209103035	3.141592653589793	0.025602564016869556	2.0005363685238398	0.05122053583824166	0.4218284182975056	0.4938976205375733	-0.5781641351321346	0.49379882084404586
0.1	3.141592653589793	3.141592653589793	0.024992191159441842	-2.000468597508831	0.050000000000000905	0.49999999999999845	0.4999999999999985	-0.49999999999999845	0.49999999999999833
0.15000000000000002	0.15707963267948966	3.141592653589793	0.03838657428429926	2.0012058032632694	0.0768251073626061	-0.4218853159346056	0.4939642391112847	0.5780979669649671	0.4937423078904755
0.15000000000000002	0.3141592653589793	3.141592653589793	0.041614045958691566	3.015404588218553e-16	0.08212212511422225	-0.34568516770682023	0.47579481500671295	0.6542543211997954	0.4753435884829307
0.15000000000000002	0.47123889803846897	3.141592653589793	0.05209197930576616	-9.327274024298267e-18	0.09037516701612569	-0.2732779651471277	0.4459491084804629	0.7266072805433726	0.4452655141851914
0.15000000000000002	0.6283185307179586	3.0925052683774528	0.05041401423084554	2.001107659466152	0.10078399003246778	-0.20643734999899696	0.4051561118366751	0.7934037628362302	0.4042594088897013
0.15000000000000002	0.7853981633974483	3.043417883165112	0.056198054738394156	1.999750189036379	0.11234214549144285	-0.14679280242927362	0.35438917448350654	0.8530310353415649	0.35333702396363914
0.15000000000000002	0.9424777960769379	3.043417883165112	0.061967065932310494	2.000345380666886	0.12393027283656356	-0.09580116055184319	0.2948456546726911	0.9040389177867837	0.2937400505500071
0.15000000000000002	1.0995574287564276	3.043417883165112	0.06715153066875332	2.0011142605070344	0.13441773806381255	-0.054722372250848014	0.22793508455525938	0.945161446192196	0.22691318713219027
0.15000000000000002	1.2566370614359172	1.227184630308513	0.0761330771079764	0.04130258909526657	0.14276833836401612	-0.024592280930451925	0.15526955097395495	0.9753461679655002	0.1544796569358969
0.15000000000000002	1.413716694115407	1.227184630308513	0.08350375671647836	0.02170440412494858	0.14814456841368537	-0.006189469343679043	0.07864466468906274	0.993793474828928	0.07821324270020512
0.15000000000000002	1.5707963267948966	1.227184630308513	0.08595694794108388	-3.7608555880494857e-16	0.14999999999999888	0.	0.	-1.000000000000002	0.
0.15000000000000002	1.7278759594743864	1.227184630308513	0.0835037567164743	-0.021704404124948812	0.1481445684136793	0.006189469343678497	0.07864466468905593	-0.9937934748289411	0.07821324270020615
0.15000000000000002	1.8849555921538759	1.227184630308513	0.07613307710797827	-0.041302589095267836	0.14276833836401814	0.024592280930449413	0.155269550973939	-0.9753461679655088	0.15447965693589827
0.15000000000000002	2.0420352248333655	3.043417883165112	0.06715153066875312	-2.001114260507035	0.13441773806380317	0.054722372250848174	0.22793508455526043	-0.9451614461922178	0.2269131871321955
0.15000000000000002	2.199114857512855	3.043417883165112	0.06196706593231005	-2.0003453806668845	0.12393027283657387	0.09580116055184301	0.2948456546726907	-0.9040389177867877	0.2937400505500084
0.15000000000000002	2.356194490192345	3.043417883165112	0.056198054738394176	-1.9997501890363814	0.11234214549148064	0.14679280242927473	0.3543891744835093	-0.8530310353415493	0.3533370239636327
0.15000000000000002	2.5132741228718345	3.0925052683774528	0.050414014230839355	-2.001107659466153	0.10078399003250191	0.2064373499990205	0.4051561118367214	-0.7934037628363411	0.4042594088897578
0.15000000000000002	2.670353755551324	3.141592653589793	0.052091979305753926	1.955185613643831e-16	0.09037516701610404	0.27327796514709046	0.44594910848040226	-0.7266072805432879	0.4452655141851395
0.15000000000000002	2.827433388230814	3.141592653589793	0.041614045959161045	3.229623943564762e-16	0.08212212511450648	0.3456851677065895	0.47579481500639553	-0.6542543211991673	0.4753435884824744
0.15000000000000002	2.9845130209103035	3.141592653589793	0.03838657428650061	2.0012058032628692	0.07682510736221229	0.4218853159218782	0.4939642390963828	-0.5780979669477762	0.49374230787579315
0.15000000000000002	3.141592653589793	0.	0.03747366057610492	-2.001053916124444	0.07500000000000034	0.49999999999999983	0.4999999999999999	-0.5000000000000006	0.5000000000000004
0.2	0.15707963267948966	3.141592653589793	0.05114994153335067	-2.00214110914656	0.10242290427584255	-0.4219646650569261	0.49405714499672504	0.5780057097660252	0.4936635127987643
0.2	0.3141592653589793	3.141592653589793	0.05540535346575581	-3.024194703287869e-16	0.10945528765155656	-0.3458349044720577	0.47600090998321565	0.6540578224627775	0.47520082379378786
0.2	0.47123889803846897	3.141592653589793	0.06933635081775662	-1.4073458357762863e-16	0.12041494703540812	-0.2734890557218076	0.4462935769908912	0.7263073453444124	0.44508171365887766
0.2	0.6283185307179586	3.043417883165112	0.06719735884545062	2.000419632956322	0.1342469323088809	-0.20669233643202176	0.40565655088889085	0.7930253531658324	0.4040665995322989
0.2	0.7853981633974483	3.043417883165112	0.07488077298105857	2.0011794203947737	0.14962647226730302	-0.1470607454608095	0.35503604618418383	0.8526255633061272	0.35316907194739783
0.2	0.9424777960769379	3.043417883165112	0.08253835424837738	2.002153596930846	0.16507660865438492	-0.09604155406497776	0.2955855098305091	0.9036728708343128	0.2936211146854033
0.2	1.0995574287564276	3.043417883165112	0.08942245659575758	2.003286806706691	0.17909415236453208	-0.05489823069102394	0.22866758767569262	0.9448936577966074	0.22684889682648132
0.2	1.2566370614359172	1.227184630308513	0.10098725919496773	0.0548601503360308	0.19028465656722174	-0.024686601425350767	0.15586506714148743	0.9752028296197143	0.15445695437222257
0.2	1.413716694115407	1.227184630308513	0.11071103240000355	0.028819252936357717	0.19750500923870512	-0.006215869246036811	0.07898010725343557	0.9937534300871728	0.07821009111067964
0.2	1.5707963267948966	1.227184630308513	0.11394096725338684	-3.826776390152906e-17	0.20000000000000237	0.	0.	0.999999999999997	0.
0.2	1.7278759594743864	1.227184630308513	0.11071103240000499	-0.028819252936358026	0.19750500923870715	0.006215869246035516	0.07898010725341924	-0.9937534300871784	0.07821009111068009
0.2	1.8849555921538759	1.227184630308513	0.10098725919496426	-0.05486015033603223	0.19028465656721605	0.02468660142534932	0.15586506714147816	-0.9752028296197229	0.15445695437222393
0.2	2.0420352248333655	3.043417883165112	0.08942245659575754	-2.0032868067066927	0.17909415236452958	0.054898230691024015	0.2286675876756933	-0.9448936577965985	0.22684889682647916
0.2	2.199114857512855	3.043417883165112	0.08253835424837647	-2.002153596930845	0.16507660865438364	0.09604155406497879	0.29558550983051235	-0.9036728708343107	0.29362111468540264
0.2	2.356194490192345	3.043417883165112	0.07488077298105955	-2.001179420394772	0.14962647226731549	0.14706074546080702	0.3550360461841779	-0.8526255633060978	0.35316907194738567
0.2	2.5132741228718345	3.043417883165112	0.06719735884545086	-2.000419632956323	0.13424693230887302	0.20669233643201856	0.4056565508888847	-0.7930253531658119	0.40406659953228846
0.2	2.670353755551324	3.141592653589793	0.06933635081775642	-2.379061981079453e-16	0.12041494703540692	0.2734890557218232	0.4462935769909169	-0.7263073453444637	0.44508171365890914
0.2	2.827433388230814	3.141592653589793	0.05540535346595253	-5.48198614556122e-16	0.10945528765165193	0.3458349044719319	0.47600090998304256	-0.6540578224624484	0.4752008237935487
0.2	2.9845130209103035	3.141592653589793	0.051149941531188015	2.0021411091470833	0.10242290427603486	0.42196466506627356	0.4940571450076695	-0.57800570977865	0.4936635128095469
0.2	3.141592653589793	0.	0.04993761684684522	2.0018725647693802	0.10000000000000091	0.5000000000000032	0.5000000000000033	-0.5000000000000033	0.5000000000000032
0.25	0.15707963267948966	3.0925052683774528	0.06390099731292442	2.002400606000079	0.12801176892373947	-0.42206616184384815	0.49417598246565453	0.5778877366410187	0.49356275423129253
0.25	0.3141592653589793	3.141592653589793	0.06912927117878376	-1.705388175681314e-16	0.13675393501638522	-0.3460262897353893	0.4762643291995099	0.6538066997214727	0.4750183724424806
0.25	0.47123889803846897	3.141592653589793	0.08648128845363082	2.328061614596377e-17	0.15038271384302762	-0.2737586665460935	0.4467335418693703	0.7259240300158233	0.4448468177234121
0.25	0.6283185307179586	3.043417883165112	0.08392861815940661	2.002093906769609	0.16759838704475521	-0.20701805839848517	0.40629581624214567	0.7925411554665531	0.4038198884819294
0.25	0.7853981633974483	2.9943304979527716	0.09352192253015286	2.000330387946633	0.1867720833576172	-0.14740354750307674	0.35586364352383454	0.8521053030482589	0.3529535730926251
0.25	0.9424777960769379	2.9943304979527716	0.10305503095325745	2.001934953460631	0.20608253501909907	-0.09635003092725651	0.29653490399114385	0.9032012281645979	0.2934678686924291
0.25	1.0995574287564276	2.9943304979527716	0.11157988071317584	2.00393267904585	0.22365847158595753	-0.05512478800285627	0.22961126679458016	0.9445468864579676	0.2267656443938161
0.25	1.2566370614359172	1.227184630308513	0.12539204076181765	0.06824089295629833	0.23773708864757614	-0.024808601326847275	0.1566353442043512	0.9750163133613707	0.1544274130990334
0.25	1.413716694115407	1.227184630308513	0.13738024879652908	0.03583366039385453	0.24684690801438128	-0.006250118782609661	0.0794152888772493	0.9937011382595052	0.07820597565458921
0.25	1.5707963267948966	1.227184630308513	0.14135204021398948	7.378519807737074e-17	0.2500000000000011	0.	0.	-0.9999999999999988	0.
0.25	1.7278759594743864	1.227184630308513	0.1373802487965349	-0.03583366039385451	0.2468469080143923	0.006250118782611415	0.07941528887727171	-0.9937011382595055	0.07820597565458924
0.25	1.8849555921538759	1.227184630308513	0.12539204076181829	-0.06824089295629966	0.23773708864757698	0.024808601326847413	0.15663534420435196	-0.9750163133613766	0.15442741309903432
0.25	2.0420352248333655	2.9943304979527716	0.11157988071317593	-2.003932679045852	0.22365847158595242	0.05512478800285479	0.22961126679457436	-0.9445468864579746	0.2267656443938178
0.25	2.199114857512855	2.9943304979527716	0.10305503095325791	-2.001934953460629	0.20608253501910814	0.0963500309272555	0.2965349039911409	-0.9032012281645863	0.2934678686924253
0.25	2.356194490192345	2.9943304979527716	0.0935219225301509	-2.000330387946639	0.18677208335761128	0.1474035475030801	0.35586364352384275	-0.8521053030482948	0.3529535730926399
0.25	2.5132741228718345	3.043417883165112	0.08392861815940766	-2.0020939067696046	0.16759838704477661	0.20701805839848317	0.40629581624214195	-0.7925411554665394	0.4038198884819224
0.25	2.670353755551324	3.141592653589793	0.08648128845362439	9.681370358014121e-17	0.1503827138430157	0.2737586665460855	0.4467335418693575	-0.7259240300158042	0.44484681772340046
0.25	2.827433388230814	3.141592653589793	0.06912927117848736	7.301012626479939e-16	0.13675393501624108	0.3460262897355294	0.4762643291997028	-0.653806699721881	0.4750183724427773
0.25	2.9845130209103035	3.0925052683774528	0.06390099731339192	-2.002400605999948	0.12801176892379204	0.42206616184223883	0.4941759824637702	-0.5778877366388441	0.49356275422943524
0.25	3.141592653589793	3.141592653589793	0.062378285694032254	2.0029237505522053	0.1250000000000017	0.5000000000000007	0.5000000000000007	-0.4999999999999996	0.4999999999999995
0.30000000000000004	0.15707963267948966	3.0925052683774528	0.07662698942270474	2.003679875309582	0.1535896274413494	-0.42218942121232284	0.49432030064375243	0.5777445204740356	0.49344043606922616
0.30000000000000004	0.3141592653589793	3.141592653589793	0.08277042743368179	-2.321073828058414e-16	0.1640100808225353	-0.3462584941043347	0.4765839310947807	0.6535020654542967	0.47479704269188955
0.30000000000000004	0.47123889803846897	3.141592653589793	0.10350564401814463	2.9584763943333113e-16	0.18026178903979345	-0.2740854890094089	0.4472668676575231	0.7254590342684437	0.4445618679629362
0.30000000000000004	0.6283185307179586	2.9943304979527716	0.100647381233527	2.0009378871216406	0.20081223212292112	-0.20741295837389803	0.40707085108251473	0.7919529034562598	0.4035201591119687
0.30000000000000004	0.7853981633974483	2.9943304979527716	0.11209419328732458	2.0026379632172104	0.2237456214218281	-0.1478199351227035	0.35686889216234174	0.8514710931784417	0.3526908747631559
0.30000000000000004	0.9424777960769379	2.9943304979527716	0.12345331274580744	2.0048268732573797	0.24691293397777753	-0.09672610813180761	0.29769235061229765	0.9026233001201741	0.2932800884877904
0.30000000000000004	1.0995574287564276	2.9943304979527716	0.13361733631848033	2.007385627137269	0.2680813242685606	-0.05540235799393086	0.23076742901458713	0.9441192986082538	0.2266629896334591
0.30000000000000004	1.2566370614359172	1.227184630308513	0.14923431838307896	0.08140462128308847	0.28510813804392604	-0.024958829266658135	0.15758384608687856	0.9747849147974861	0.15439076316700062
0.30000000000000004	1.413716694115407	1.227184630308513	0.16337645777702195	0.042725522393116305	0.29616502277145706	-0.006292454266263232	0.07995321220015655	0.9936359695646204	0.07820084676707026
0.30000000000000004	1.5707963267948966	1.1780972450961724	0.1680945426194235	4.542037104403133e-17	0.30000000000000565	0.	0.	0.9999999999999938	0.
0.30000000000000004	1.7278759594743864	1.227184630308513	0.1633764577770213	-0.042725522393115695	0.2961650227714558	0.006292454266262865	0.07995321220015202	-0.993635969564611	0.07820084676706951
0.30000000000000004	1.8849555921538759	1.227184630308513	0.14923431838308426	-0.08140462128308876	0.2851081380439346	0.0249588292666581	0.1575838460868782	-0.9747849147974884	0.15439076316700098
0.30000000000000004	2.0420352248333655	2.9943304979527716	0.13361733631848033	-2.0073856271372663	0.2680813242685578	0.05540235799392953	0.23076742901458197	-0.9441192986082574	0.22666298963345993
0.30000000000000004	2.199114857512855	2.9943304979527716	0.12345331274580795	-2.0048268732573784	0.24691293397777048	0.09672610813180609	0.2976923506122931	-0.9026233001201746	0.2932800884877905
0.30000000000000004	2.356194490192345	2.9943304979527716	0.11209419328732417	-2.002637963217209	0.22374562142181179	0.14781993512270444	0.35686889216234413	-0.8514710931784425	0.35269087476315625
0.30000000000000004	2.5132741228718345	2.9943304979527716	0.10064738123352845	-2.00093788712164	0.20081223212293783	0.2074129583738962	0.4070708510825113	-0.7919529034562407	0.403520159111959
0.30000000000000004	2.670353755551324	3.141592653589793	0.10350564401813576	4.0707151294667735e-16	0.18026178903977705	0.27408548900941426	0.4472668676575321	-0.7254590342684797	0.4445618679629582
0.30000000000000004	2.827433388230814	3.141592653589793	0.08277042743371489	-2.1185477361498388e-16	0.16401008082255505	0.34625849410432774	0.47658393109477126	-0.6535020654542698	0.47479704269186995
0.30000000000000004	2.9845130209103035	3.0925052683774528	0.07662698941889773	-2.003679875310896	0.15358962744174703	0.4221894212232726	0.4943203006565729	-0.5777445204886139	0.49344043608167726
0.30000000000000004	3.141592653589793	3.141592653589793	0.07478994659629667	2.004206460450588	0.1500000000000011	0.49999999999999506	0.4999999999999951	-0.4999999999999941	0.499999999999994
0.35000000000000003	0.15707963267948966	3.0925052683774528	0.08931899725830439	2.0052216468889243	0.17915450779077668	-0.42233398069555417	0.49448955805197126	0.5775766288555783	0.4932970430806506
0.35000000000000003	0.3141592653589793	3.141592653589793	0.09631436669873254	-2.5461090334150667e-16	0.19121614766057626	-0.3465305261587955	0.47695835109632917	0.6531452508659839	0.47453780171886756
0.35000000000000003	0.47123889803846897	3.141592653589793	0.12039050194517541	8.421449123196846e-18	0.2100363389619736	-0.27446796136186175	0.4478910058111535	0.7249143952695847	0.44422811275518365
0.35000000000000003	0.6283185307179586	2.9943304979527716	0.11729523039778109	2.0032638721300633	0.2338634798742903	-0.20787516669237796	0.40797798598409535	0.791262700620039	0.403168483201601
0.35000000000000003	0.7853981633974483	2.945243112740431	0.13061830166339877	2.0015005811040845	0.2605146304621254	-0.14830835195619255	0.3580480347058423	0.8507240036436038	0.35238142014551904
0.35000000000000003	0.9424777960769379	2.945243112740431	0.14378836833250946	2.004603488826426	0.2875327452690558	-0.09716916031077194	0.29905592500960576	0.901938319768896	0.2930575248801276
0.35000000000000003	1.0995574287564276	2.945243112740431	0.15547930022196213	2.0084144233753913	0.31233247804041947	-0.05573129416150795	0.2321375467577704	0.943608678695729	0.2265404006384985
0.35000000000000003	1.2566370614359172	1.227184630308513	0.17240063916768286	0.09431389660975852	0.33237926300864934	-0.025137955838037514	0.15871480674824365	0.9745065108460315	0.15434666831296534
0.35000000000000003	1.413716694115407	1.1780972450961724	0.1887109796768726	0.048731422009688614	0.3454536804118005	-0.0063431715773174585	0.0805976367380798	0.9935571248466349	0.0781946415531907
0.35000000000000003	1.5707963267948966	1.1780972450961724	0.1941486979597272	-2.909520683194388e-16	0.350000000000005	0.	0.	0.9999999999999963	0.
0.35000000000000003	1.7278759594743864	1.1780972450961724	0.18871097967687608	-0.04873142200968911	0.34545368041180535	0.006343171577317467	0.08059763673808004	-0.9935571248466374	0.07819464155319088
0.35000000000000003	1.8849555921538759	1.227184630308513	0.17240063916768428	-0.0943138966097589	0.3323792630086537	0.025137955838039867	0.15871480674825839	-0.9745065108460346	0.15434666831296584
0.35000000000000003	2.0420352248333655	2.945243112740431	0.1554793002219622	-2.008414423375396	0.31233247804041675	0.055731294161506684	0.23213754675776552	-0.9436086786957331	0.2265404006384995
0.35000000000000003	2.199114857512855	2.945243112740431	0.14378836833251007	-2.0046034888264246	0.2875327452690599	0.09716916031077259	0.2990559250096079	-0.9019383197688852	0.2930575248801241
0.35000000000000003	2.356194490192345	2.945243112740431	0.13061830166339766	-2.0015005811040876	0.2605146304621236	0.14830835195619474	0.35804803470584773	-0.8507240036436102	0.3523814201455217
0.35000000000000003	2.5132741228718345	2.9943304979527716	0.11729523039778145	-2.003263872130062	0.2338634798742952	0.2078751666923769	0.4079779859840934	-0.7912627006200402	0.4031684832016016
0.35000000000000003	2.670353755551324	3.141592653589793	0.120390501945177	3.533747924859149e-16	0.21003633896197668	0.27446796136185586	0.447891005811144	-0.7249143952695544	0.4442281127551651
0.35000000000000003	2.827433388230814	3.141592653589793	0.09631436669856128	4.3770532210262807e-17	0.1912161476604953	0.3465305261588518	0.47695835109640683	-0.6531452508661684	0.47453780171900156
0.35000000000000003	2.9845130209103035	3.0925052683774528	0.08931899725864959	-2.005221646888787	0.1791545077907668	0.4223339806947038	0.4944895580509756	-0.5775766288544637	0.4932970430796987
0.35000000000000003	3.141592653589793	3.141592653589793	0.08716694546478432	2.00571946602252	0.17500000000000077	0.49999999999999706	0.49999999999999717	-0.4999999999999968	0.49999999999999667
0.4	0.15707963267948966	3.0925052683774528	0.1019703892493038	2.0070232640520906	0.2047045559969506	-0.42249930508610556	0.4946831280429162	0.5773847182030144	0.4931331358989611
0.4	0.3141592653589793	3.141592653589793	0.10974766988114125	-5.1671015466529135e-18	0.21836503049735126	-0.3468412448773164	0.4773860187228533	0.6527377899165189	0.47424176401057977
0.4	0.47123889803846897	3.141592653589793	0.1371194072338411	-7.196532554926405e-17	0.23969150667930647	-0.2749042898025905	0.44860302911329897	0.7242924646986385	0.4438469932111395
0.4	0.6283185307179586	2.945243112740431	0.13390974188924493	2.001651665164428	0.26672847173420927	-0.2084025215715452	0.40901297821007837	0.7904730096253322	0.40276611554256125
0.4	0.7853981633974483	2.945243112740431	0.14902688773280484	2.0046504847828874	0.297047752851546	-0.14886696077719916	0.35939663569757774	0.8498653590006731	0.35202575788915813
0.4	0.9424777960769379	2.8961557275280905	0.16394715692020756	2.004143849254458	0.3279070442897985	-0.0976784004894578	0.30062320512401547	0.9011454881047735	0.2927999182566571
0.4	1.0995574287564276	2.945243112740431	0.177177755548969	2.013101463340978	0.35638070842641373	-0.05611197073251385	0.2337231787914601	0.9430124483763024	0.22639725840328465
0.4	1.2566370614359172	1.227184630308513	0.19477729408581307	0.10693464141393695	0.37953064031041234	-0.02534677268663485	0.16003322444236473	0.9741785365044427	0.154294722280432
0.4	1.413716694115407	1.1780972450961724	0.2132226730487208	0.05527851867004207	0.39470666217865524	-0.006402630612375106	0.08135313541093767	0.9934636163130635	0.07818728227199595
0.4	1.5707963267948966	1.1780972450961724	0.21929121261706971	2.1157560707230008e-16	0.40000000000000047	0.	0.	-1.0000000000000047	0.
0.4	1.7278759594743864	1.1780972450961724	0.21322267304871692	-0.05527851867004072	0.39470666217864686	0.006402630612375094	0.08135313541093764	-0.993463616313052	0.07818728227199505
0.4	1.8849555921538759	1.227184630308513	0.19477729408581487	-0.10693464141393692	0.379530640310415	0.02534677268663468	0.16003322444236354	-0.9741785365044435	0.15429472228043214
0.4	2.0420352248333655	2.945243112740431	0.17717775554896842	-2.0131014633409814	0.35638070842641695	0.056111970732515414	0.233723178791467	-0.9430124483763024	0.22639725840328465
0.4	2.199114857512855	2.8961557275280905	0.16394715692020756	-2.0041438492544565	0.3279070442897958	0.09767840048945754	0.3006232051240148	-0.9011454881047731	0.29279991825665697
0.4	2.356194490192345	2.945243112740431	0.1490268877328042	-2.004650484782886	0.29704775285152885	0.1488669607771979	0.35939663569757485	-0.8498653590006907	0.35202575788916546
0.4	2.5132741228718345	2.945243112740431	0.1339097418892401	-2.001651665164432	0.26672847173419645	0.20840252157155004	0.409012978210088	-0.79047300962536	0.40276611554257546
0.4	2.670353755551324	3.141592653589793	0.1371194072338493	2.3803552343246e-16	0.2396915066793222	0.27490428980258774	0.44860302911329464	-0.7242924646986193	0.44384699321112775
0.4	2.827433388230814	3.141592653589793	0.10974766988113994	2.585151821836494e-16	0.21836503049735403	0.3468412448773216	0.4773860187228606	-0.6527377899165302	0.474241764010588
0.4	2.9845130209103035	3.0925052683774528	0.1019703892515732	-2.0070232640510532	0.2047045559965598	0.4224993050812235	0.49468312803720005	-0.5773847181966504	0.49313313589352564
0.4	3.141592653589793	3.141592653589793	0.09950370682751286	2.007461329060269	0.19999999999999962	0.4999999999999995	0.4999999999999996	-0.4999999999999999	0.49999999999999983
0.45	0.15707963267948966	3.0925052683774528	0.11457467578200231	2.009081622228889	0.2302380503365445	-0.4226847916883635	0.4949003049506896	0.5771695271096828	0.4929493453424628
0.45	0.3141592653589793	3.141592653589793	0.12305804594652799	1.5864284201134374e-16	0.24545015112501622	-0.34718937352362284	0.4778651766976276	0.6522814014033731	0.4739101783464862
0.45	0.47123889803846897	3.141592653589793	0.15367849969575376	3.4278760417256866e-16	0.2692135257799036	-0.27539247210436574	0.4493996702260773	0.723595882701161	0.4434201272140812
0.45	0.6283185307179586	2.945243112740431	0.15044436514145273	2.004602210588444	0.29938505525218634	-0.20899259237331752	0.41017105736462856	0.7895866388413222	0.4023144870704199
0.45	0.7853981633974483	2.8961557275280905	0.16737960342868102	2.0032434666536494	0.3333149312374805	-0.14949364761358472	0.3609095915573404	0.848896762669907	0.35162455215249
0.45	0.9424777960769379	2.8961557275280905	0.1840053039057848	2.008328060113219	0.36800115388911603	-0.09825285903501926	0.3023912067324796	0.9002440267783217	0.29250701571630067
0.45	1.0995574287564276	2.8961557275280905	0.19861117129034553	2.0145464832471456	0.4001936942660302	-0.05654475953379641	0.23552587388594004	0.94232769270778	0.22623286311211274
0.45	1.2566370614359172	1.1780972450961724	0.2164612861537121	0.11761058658562706	0.42654091591237553	-0.02558619051277395	0.1615448491047907	0.9737979583036125	0.15423444461509378
0.45	1.413716694115407	1.1780972450961724	0.23674746797727197	0.06167075161840663	0.44391707172075245	-0.006471260738845562	0.08222516384894084	0.9933542432161273	0.07817867442258637
0.45	1.5707963267948966	1.1780972450961724	0.24338749621559455	-5.1596560800954987e-17	0.45000000000000123	0.	0.	-1.0000000000000033	0.
0.45	1.7278759594743864	1.1780972450961724	0.2367474679772659	-0.06167075161840601	0.443917071720739	0.006471260738843626	0.08222516384891639	-0.993354243216124	0.07817867442258612
0.45	1.8849555921538759	1.1780972450961724	0.2164612861537151	-0.11761058658562545	0.4265409159123782	0.02558619051277376	0.16154484910478936	-0.973797958303607	0.15423444461509292
0.45	2.0420352248333655	2.8961557275280905	0.19861117129034606	-2.0145464832471447	0.4001936942660251	0.056544759533795466	0.2355258738859365	-0.9423276927077702	0.22623286311211038
0.45	2.199114857512855	2.8961557275280905	0.1840053039057848	-2.0083280601132207	0.36800115388911736	0.09825285903501792	0.3023912067324756	-0.9002440267783239	0.2925070157163014
0.45	2.356194490192345	2.8961557275280905	0.16737960342868186	-2.0032434666536485	0.33331493123748507	0.14949364761358322	0.36090959155733693	-0.8488967626698991	0.3516245521524867
0.45	2.5132741228718345	2.945243112740431	0.15044436514145426	-2.004602210588445	0.2993850552521877	0.2089925923733143	0.4101710573646224	-0.7895866388413202	0.40231448707041884
0.45	2.670353755551324	3.141592653589793	0.15367849969574673	1.729909778533617e-17	0.2692135257798915	0.2753924721043618	0.449399670226071	-0.7235958827011518	0.4434201272140756
0.45	2.827433388230814	3.141592653589793	0.12305804594666568	-1.2472343173693761e-16	0.24545015112507912	0.3471893735235892	0.4778651766975814	-0.6522814014032509	0.4739101783463974
0.45	2.9845130209103035	3.0925052683774528	0.11457467578250781	-2.009081622228633	0.2302380503364294	0.4226847916874028	0.4949003049495648	-0.5771695271084365	0.49294934534139834
0.45	3.141592653589793	0.	0.11179474543941656	-2.0094304081276015	0.22499999999999912	0.5000000000000008	0.5000000000000009	-0.5000000000000014	0.5000000000000014
0.5	0.15707963267948966	3.0925052683774528	0.127125532107408	2.0113932034179025	0.25575341330919676	-0.4228897760805011	0.49514031083728377	0.5769318690543414	0.4927463661876509
0.5	0.3141592653589793	3.141592653589793	0.13623439410638505	-8.629012456065217e-17	0.27246550298501737	-0.3475735146564549	0.47839390160776707	0.6517779695056702	0.4735444136628506
0.5	0.47123889803846897	3.141592653589793	0.17005655641023423	2.7145974493184585e-17	0.2985898144086268	-0.27593032320831395	0.4502773634574792	0.7228275492391558	0.44294929186301013
0.5	0.6283185307179586	2.8961557275280905	0.16690747907573242	2.002549005784072	0.33181274066409067	-0.20964270582275885	0.41144697685027226	0.7886067256836766	0.401815196378305
0.5	0.7853981633974483	2.8961557275280905	0.18557181514062815	2.007187251904298	0.369287612927308	-0.15018602855061222	0.3625811470058408	0.8478201207056241	0.351178592449064
0.5	0.9424777960769379	2.84706834231575	0.20383023686030147	2.007925009663591	0.4077807932159823	-0.09889136172262623	0.30435631594256973	0.8992332376446509	0.2921785904180328
0.5	1.0995574287564276	2.8961557275280905	0.21986823401460368	2.0204013300805452	0.44373794746679146	-0.057030002490274845	0.23754705626099765	0.9415511950179986	0.2260464425103214
0.5	1.2566370614359172	1.1780972450961724	0.23721255972719238	0.12954131644818734	0.47338694241091817	-0.025857235439626338	0.16325615942224994	0.9733612452103274	0.15416527605623143
0.5	1.413716694115407	1.1780972450961724	0.2591573585558443	0.0678961584060898	0.49307718108201853	-0.006549567351539655	0.08322014370202832	0.9932275615895829	0.07816870436235403
0.5	1.5707963267948966	1.1290098598838318	0.2664598202490778	-1.783147673790989e-16	0.500000000000003	0.	0.	-1.0000000000000022	0.
0.5	1.7278759594743864	1.1780972450961724	0.25915735855585087	-0.06789615840608502	0.49307718108202536	0.006549567351540703	0.08322014370204177	-0.9932275615895513	0.07816870436235153
0.5	1.8849555921538759	1.1780972450961724	0.2372125597271938	-0.1295413164481874	0.47338694241092005	0.025857235439626675	0.16325615942225194	-0.9733612452103263	0.15416527605623126
0.5	2.0420352248333655	2.8961557275280905	0.21986823401460387	-2.0204013300805412	0.4437379474667937	0.05703000249027411	0.23754705626099498	-0.9415511950179924	0.22604644251031997
0.5	2.199114857512855	2.84706834231575	0.20383023686030177	-2.00792500966359	0.40778079321598143	0.0988913617226242	0.30435631594256357	-0.8992332376446542	0.2921785904180339
0.5	2.356194490192345	2.8961557275280905	0.1855718151406282	-2.007187251904295	0.3692876129273089	0.1501860285506121	0.36258114700584065	-0.847820120705621	0.35117859244906274
0.5	2.5132741228718345	2.8961557275280905	0.16690747907573322	-2.002549005784071	0.3318127406640878	0.2096427058227576	0.41144697685027	-0.7886067256836733	0.40181519637830326
0.5	2.670353755551324	3.141592653589793	0.17005655641023476	-4.7608183846682607e-17	0.2985898144086269	0.27593032320831073	0.45027736345747416	-0.7228275492391278	0.44294929186299303
0.5	2.827433388230814	3.141592653589793	0.13623439410639188	-5.026102572958177e-16	0.27246550298501443	0.347573514656447	0.4783939016077562	-0.6517779695056523	0.47354441366283756
0.5	2.9845130209103035	3.0925052683774528	0.12712553210902142	-2.0113932034170032	0.25575341330891965	0.4228897760777315	0.4951403108340409	-0.5769318690508362	0.49274636618465717
0.5	3.141592653589793	0.	0.1240346772438732	-2.011624865912877	0.24999999999999828	0.5000000000000041	0.5000000000000042	-0.5000000000000052	0.5000000000000051
0.55	0.15707963267948966	3.0925052683774528	0.13961681873658205	2.0139541137834813	0.28124922126835705	-0.42311353827751447	0.4954023027085692	0.5766726246074865	0.49252495051277845
0.55	0.3141592653589793	2.9943304979527716	0.14943126258949335	2.009809637934385	0.2994056859874899	-0.3479921659162838	0.4789701256327779	0.6512295232143482	0.4731459441078784
0.55	0.47123889803846897	3.141592653589793	0.18624494901597477	-3.558904440322374e-16	0.3278090486042712	-0.2765155021948448	0.45123228877392196	0.7219905933814655	0.44243640465377926
0.55	0.6283185307179586	2.8961557275280905	0.18329735927326318	2.006091082163268	0.3639928344847104	-0.2103499748251037	0.4128350704244924	0.7875367165937996	0.40126999951582226
0.55	0.7853981633974483	2.84706834231575	0.20368751479327674	2.0055311203797848	0.4049389532611335	-0.15094145980759843	0.3644049193918975	0.8466376635417158	0.350688802654848
0.55	0.9424777960769379	2.84706834231575	0.22353183550735867	2.0130680213501972	0.44721226536423647	-0.09959250801134026	0.3065142223324964	0.8981125680628094	0.29181446279792345
0.55	1.0995574287564276	2.8961557275280905	0.2408060935812482	2.026981878050128	0.4869787859955758	-0.05756797965443137	0.23978789241917273	0.9406794822498685	0.22583716279067448
0.55	1.2566370614359172	1.1780972450961724	0.25691480267902567	0.14114229103288728	0.520043504401297	-0.02616104305676745	0.16517432522514444	0.9728643381231832	0.1540865737053408
0.55	1.413716694115407	1.1290098598838318	0.2806807605268335	0.072991340818555	0.5421782489947312	-0.006638139637946986	0.08434556130707098	0.9930818469272399	0.07815723636971825
0.55	1.5707963267948966	1.1290098598838318	0.2885528422435349	1.4260636620936075e-16	0.5499999999999989	0.	0.	-0.9999999999999973	0.
0.55	1.7278759594743864	1.1290098598838318	0.2806807605268291	-0.07299134081855589	0.5421782489947261	0.0066381396379474366	0.08434556130707684	-0.9930818469272447	0.07815723636971862
0.55	1.8849555921538759	1.1780972450961724	0.25691480267902544	-0.14114229103288553	0.5200435044012983	0.0261610430567693	0.165174325225156	-0.9728643381231806	0.1540865737053404
0.55	2.0420352248333655	2.8961557275280905	0.24080609358124927	-2.026981878050128	0.4869787859955752	0.05756797965442959	0.2397878924191657	-0.9406794822498716	0.22583716279067523
0.55	2.199114857512855	2.84706834231575	0.22353183550735833	-2.013068021350196	0.447212265364235	0.0995925080113413	0.30651422233249975	-0.8981125680628075	0.29181446279792284
0.55	2.356194490192345	2.84706834231575	0.20368751479327685	-2.005531120379784	0.4049389532611483	0.1509414598075993	0.3644049193918997	-0.8466376635417017	0.35068880265484215
0.55	2.5132741228718345	2.8961557275280905	0.18329735927326246	-2.0060910821632683	0.3639928344847124	0.21034997482510445	0.4128350704244941	-0.7875367165938031	0.40126999951582404
0.55	2.670353755551324	3.141592653589793	0.18624494901597918	2.9724106499969997e-16	0.3278090486042787	0.2765155021948426	0.4512322887739185	-0.721990593381446	0.4424364046537672
0.55	2.827433388230814	2.9943304979527716	0.14943126258949965	-2.0098096379343806	0.2994056859875052	0.3479921659162792	0.47897012563277175	-0.6512295232143268	0.47314594410786287
0.55	2.9845130209103035	3.0925052683774528	0.1396168187355498	-2.0139541137841106	0.28124922126856816	0.42311353827910914	0.49540230271043634	-0.5766726246095071	0.4925249505145041
0.55	3.141592653589793	0.	0.13621822962041194	-2.014042677323627	0.2749999999999993	0.4999999999999999	0.5	-0.5000000000000008	0.5000000000000007
0.6000000000000001	0.15707963267948966	3.0925052683774528	0.1520425991316654	2.016760123558747	0.3067242116551218	-0.42335530918584424	0.4956853800716858	0.5763927332750842	0.49228590073174505
0.6000000000000001	0.3141592653589793	2.9943304979527716	0.16278845939632536	2.012765388834578	0.3262659312336538	-0.34844373624527936	0.47959165886942867	0.650638215073208	0.4727163335961842
0.6000000000000001	0.47123889803846897	3.141592653589793	0.20223752622279154	-1.0647831384784991e-16	0.35686121456192904	-0.2771455400291124	0.4522604170767265	0.7210883411091897	0.44188350375022756
0.6000000000000001	0.6283185307179586	2.84706834231575	0.19955334175380976	2.0036140940668026	0.3959085479484977	-0.21111132943752745	0.4143293129852501	0.7863803435819738	0.40068079803718853
0.6000000000000001	0.7853981633974483	2.84706834231575	0.2216116074803636	2.01020935230848	0.44024401349037734	-0.15175705157435884	0.3663739320965703	0.845351964164278	0.3501562485355786
0.6000000000000001	0.9424777960769379	2.84706834231575	0.24294978507517914	2.0188647691635535	0.4862626836961472	-0.10035465077311945	0.3088598565634015	0.8968816804632643	0.2914145231729824
0.6000000000000001	1.0995574287564276	2.84706834231575	0.26143517006246436	2.0292269837283956	0.5298803600117409	-0.058158872845887465	0.2422491396936928	0.9397088826069592	0.2256041424328412
0.6000000000000001	1.2566370614359172	2.945243112740431	0.2755618021522625	2.047924497420068	0.5664830348848905	-0.026498849283909352	0.16730714980342828	0.9723026196254333	0.15399760623545475
0.6000000000000001	1.413716694115407	1.1290098598838318	0.3010162412313837	0.07888509582159893	0.5912103046665755	-0.0067376596630111425	0.08561008312088539	0.9929150484265404	0.07814410904301741
0.6000000000000001	1.5707963267948966	1.1290098598838318	0.3093082357538943	2.1246343359981097e-16	0.6000000000000012	0.	0.	-1.0000000000000009	0.
0.6000000000000001	1.7278759594743864	1.1290098598838318	0.30101624123137805	-0.07888509582159921	0.59121030466656	0.006737659663007862	0.08561008312084384	-0.9929150484265394	0.07814410904301733
0.6000000000000001	1.8849555921538759	2.945243112740431	0.2755618021522632	-2.047924497420069	0.5664830348848859	0.026498849283907687	0.16730714980341765	-0.9723026196254342	0.1539976062354549
0.6000000000000001	2.0420352248333655	2.84706834231575	0.2614351700624627	-2.029226983728395	0.5298803600117392	0.05815887284588902	0.24224913969369968	-0.9397088826069623	0.22560414243284194
0.6000000000000001	2.199114857512855	2.84706834231575	0.24294978507517961	-2.018864769163554	0.4862626836961516	0.10035465077311966	0.30885985656340226	-0.8968816804632659	0.2914145231729829
0.6000000000000001	2.356194490192345	2.84706834231575	0.2216116074803634	-2.01020935230848	0.44024401349038567	0.15175705157435987	0.3663739320965729	-0.8453519641642734	0.3501562485355767
0.6000000000000001	2.5132741228718345	2.84706834231575	0.19955334175380846	-2.003614094066806	0.39590854794849945	0.211111329437531	0.4143293129852572	-0.7863803435819746	0.4006807980371889
0.6000000000000001	2.670353755551324	3.141592653589793	0.20223752622281393	3.860623000462497e-16	0.35686121456196734	0.2771455400291116	0.4522604170767254	-0.7210883411091555	0.44188350375020663
0.6000000000000001	2.827433388230814	2.9943304979527716	0.16278845939632267	-2.0127653888345787	0.32626593123366854	0.34844373624528224	0.4795916588694327	-0.6506382150732138	0.4727163335961885
0.6000000000000001	2.9845130209103035	3.0925052683774528	0.15204259913296023	-2.0167601235578987	0.30672421165477787	0.42335530918399455	0.49568538006952007	-0.5763927332728332	0.49228590072982253
0.6000000000000001	3.141592653589793	0.	0.14834025086296923	-2.0166816382429045	0.3000000000000008	0.5000000000000033	0.5000000000000033	-0.5000000000000018	0.5000000000000017
0.6500000000000001	0.15707963267948966	3.043417883165112	0.16440271704738274	2.01745649254076	0.33217728783695866	-0.4236142772413514	0.4959885927071134	0.5760931851188936	0.4920300624371765
0.6500000000000001	0.3141592653589793	2.9943304979527716	0.17606478579239737	2.01603228778223	0.35304211581639616	-0.3489265622112219	0.48025621179968603	0.6500062996429565	0.4722572201620037
0.6500000000000001	0.47123889803846897	3.141592653589793	0.21803043454566481	1.011672026714207e-16	0.3857376400132554	-0.2778178674920975	0.4533575557815018	0.7201242822266208	0.44129272770717604
0.6500000000000001	0.6283185307179586	2.84706834231575	0.21576533945777338	2.0077099282858963	0.427545078616659	-0.21192354947450678	0.41592338456260747	0.785141597405903	0.4000496253350165
0.6500000000000001	0.7853981633974483	2.7979809571034093	0.2394121644321692	2.0083239665031014	0.4751799478985871	-0.15262968594292572	0.36848065782415734	0.84396595124284	0.3495821431858946
0.6500000000000001	0.9424777960769379	2.7979809571034093	0.2621809049572211	2.0187605078610424	0.5249002345015855	-0.10117587883172298	0.311387336639632	0.8955405242469642	0.29097875510258125
0.6500000000000001	1.0995574287564276	2.84706834231575	0.28179062534735405	2.0368100355711105	0.5724057416649906	-0.058802725235219046	0.2449309779029478	0.9386355971828483	0.22534646940008185
0.6500000000000001	1.2566370614359172	2.945243112740431	0.29664702359318923	2.0571103440970258	0.612675328507281	-0.02687197702075165	0.16966298561708362	0.9716708863408947	0.15389754951274873
0.6500000000000001	1.413716694115407	1.1290098598838318	0.3199635240523048	0.08461150948201465	0.640161888800061	-0.006848912878505215	0.08702368925451083	0.9927247331128756	0.07812913090299713
0.6500000000000001	1.5707963267948966	1.0799224746714913	0.3289081952992597	3.150344621103254e-16	0.6500000000000018	0.	0.	-1.0000000000000042	0.
0.6500000000000001	1.7278759594743864	1.1290098598838318	0.3199635240523055	-0.08461150948201514	0.6401618888000636	0.006848912878504906	0.08702368925450706	-0.9927247331128799	0.07812913090299747
0.6500000000000001	1.8849555921538759	2.945243112740431	0.2966470235931903	-2.057110344097018	0.6126753285072816	0.02687197702075108	0.1696629856170799	-0.9716708863408865	0.15389754951274742
0.6500000000000001	2.0420352248333655	2.84706834231575	0.28179062534735366	-2.0368100355711096	0.5724057416649907	0.05880272523521973	0.24493097790295104	-0.9386355971828458	0.2253464694000813
0.6500000000000001	2.199114857512855	2.7979809571034093	0.26218090495722157	-2.0187605078610398	0.5249002345015795	0.10117587883172346	0.31138733663963364	-0.8955405242469601	0.2909787551025799
0.6500000000000001	2.356194490192345	2.7979809571034093	0.2394121644321714	-2.008323966503096	0.47517994789859686	0.15262968594292595	0.368480657824158	-0.8439659512428277	0.34958214318588954
0.6500000000000001	2.5132741228718345	2.84706834231575	0.21576533945777543	-2.0077099282858932	0.42754507861667024	0.21192354947450714	0.41592338456260836	-0.7851415974058893	0.40004962533500954
0.6500000000000001	2.670353755551324	3.141592653589793	0.21803043454566154	2.697203543167642e-16	0.38573764001325106	0.2778178674921005	0.4533575557815069	-0.7201242822266329	0.4412927277071834
0.6500000000000001	2.827433388230814	2.9943304979527716	0.17606478579237403	-2.016032287782251	0.3530421158163608	0.3489265622112383	0.4802562117997087	-0.6500062996430214	0.47225722016205085
0.6500000000000001	2.9845130209103035	3.043417883165112	0.16440271704617007	-2.0174564925415943	0.33217728783724865	0.423614277242944	0.495988592708978	-0.5760931851208	0.49203006243880465
0.6500000000000001	3.141592653589793	0.	0.16039571884284876	-2.0195393748632675	0.325	0.5000000000000012	0.5000000000000012	-0.5000000000000014	0.5000000000000013
0.7000000000000001	0.15707963267948966	3.043417883165112	0.17672283865801242	2.0205878523950007	0.35760752160612663	-0.4238895951256447	0.4963109485324812	0.5757750122879186	0.49175831716760143
0.7000000000000001	0.3141592653589793	2.9943304979527716	0.1892518804354778	2.019599587891057	0.37973076811430406	-0.34943892413033556	0.48096141748189203	0.6493361120757358	0.4717703003926774
0.7000000000000001	0.47123889803846897	3.141592653589793	0.233621891709293	1.763619213881129e-16	0.4144310054422832	-0.2785298427395527	0.4545193937902555	0.7191020369664667	0.4406662950060813
0.7000000000000001	0.6283185307179586	2.84706834231575	0.2317999900420926	2.0122797369665415	0.458889664068221	-0.2127832981601416	0.41761073636512863	0.7838246976101639	0.39937863137465346
0.7000000000000001	0.7853981633974483	2.7979809571034093	0.25701795867425603	2.013667916879827	0.5097261744131355	-0.15355603907713725	0.37071707212431765	0.8424829159207871	0.3489678498420219
0.7000000000000001	0.9424777960769379	2.7979809571034093	0.2811317921638485	2.0253542056804896	0.5630944711409214	-0.10205400372203567	0.31408992715813117	0.8940894076259491	0.29050725873088257
0.7000000000000001	1.0995574287564276	2.84706834231575	0.30176012105630784	2.044987947816164	0.6145170890521527	-0.05949939754738203	0.24783282692462863	0.9374557869000014	0.22506322201142603
0.7000000000000001	1.2566370614359172	2.945243112740431	0.31729328962562653	2.0669156571293055	0.6585872609814692	-0.027281817368169207	0.17225061573136616	0.9709633271062569	0.15378548313937415
0.7000000000000001	1.413716694115407	1.0799224746714913	0.3379524526983877	0.08915694054744369	0.689019741846279	-0.006972800138864233	0.0885978261488363	0.9925080178140299	0.07811207503908296
0.7000000000000001	1.5707963267948966	1.0799224746714913	0.34732141041802983	-4.945272764530052e-17	0.7000000000000917	0.	0.	0.9999999999999486	0.
0.7000000000000001	1.7278759594743864	1.0799224746714913	0.3379524526984004	-0.08915694054744042	0.689019741846289	0.006972800138864125	0.08859782614883506	-0.9925080178140124	0.07811207503908159
0.7000000000000001	1.8849555921538759	2.945243112740431	0.31729328962562753	-2.066915657129317	0.6585872609814672	0.0272818173681672	0.17225061573135336	-0.9709633271062702	0.15378548313937626
0.7000000000000001	2.0420352248333655	2.84706834231575	0.3017601210563088	-2.04498794781616	0.6145170890521496	0.05949939754738061	0.2478328269246231	-0.9374557869	0.2250632220114257
0.7000000000000001	2.199114857512855	2.7979809571034093	0.28113179216385054	-2.0253542056804887	0.5630944711409177	0.1020540037220342	0.3140899271581268	-0.8940894076259467	0.29050725873088173
0.7000000000000001	2.356194490192345	2.7979809571034093	0.25701795867425453	-2.0136679168798373	0.5097261744131333	0.15355603907713886	0.37071707212432164	-0.842482915920791	0.34896784984202356
0.7000000000000001	2.5132741228718345	2.84706834231575	0.23179999004209284	-2.012279736966538	0.45888966406822695	0.21278329816014335	0.41761073636513224	-0.78382469761016	0.3993786313746515
0.7000000000000001	2.670353755551324	3.141592653589793	0.23362189170930756	9.437697197181352e-17	0.41443100544230543	0.2785298427395514	0.45451939379025347	-0.719102036966436	0.4406662950060625
0.7000000000000001	2.827433388230814	2.9943304979527716	0.1892518804354633	-2.0195995878910664	0.3797307681142801	0.3494389241303441	0.48096141748190385	-0.6493361120757764	0.4717703003927069
0.7000000000000001	2.9845130209103035	3.043417883165112	0.17672283865862046	-2.0205878523945553	0.35760752160600295	0.42388959512490315	0.49631094853161295	-0.5757750122870504	0.49175831716685997
0.7000000000000001	3.141592653589793	0.	0.17237974882117998	-2.0226133535116535	0.34999999999999604	0.5000000000000013	0.5000000000000014	-0.5000000000000032	0.5000000000000031
0.7500000000000001	0.15707963267948966	3.043417883165112	0.18896515288207305	2.023956661844605	0.38301415344018996	-0.42418038646176176	0.49665142144220314	0.5754392805873346	0.49147157520663487
0.7500000000000001	0.3141592653589793	2.945243112740431	0.20234218211855548	2.018404505568146	0.40632906419802906	-0.3499790617160053	0.4817048530893747	0.6486300471531975	0.47125731419892053
0.7500000000000001	0.47123889803846897	3.141592653589793	0.24901192752369125	-1.0250602120507996e-17	0.4429353363216499	-0.2792787779789288	0.45574154502418157	0.7180253228596489	0.440006483752822
0.7500000000000001	0.6283185307179586	2.7979809571034093	0.24774949976657704	2.009434969128576	0.4899316072754667	-0.21368715619459422	0.4193846576390306	0.7824340598046567	0.39867006602171845
0.7500000000000001	0.7853981633974483	2.748893571891069	0.27441286930095476	2.0115696437638575	0.5438645228306963	-0.15453260753933162	0.3730747169503331	0.8409065112223993	0.3483148816361611
0.7500000000000001	0.9424777960769379	2.748893571891069	0.29975393045179977	2.025315574839478	0.6008166321633936	-0.10298655205126078	0.3169600157986076	0.8925290666133595	0.29000027320305216
0.7500000000000001	1.0995574287564276	2.84706834231575	0.3213251614756831	2.053704530515937	0.656175893847715	-0.060248521983526225	0.2509531547662691	0.936165675456548	0.2247534936570067
0.7500000000000001	1.2566370614359172	2.8961557275280905	0.3375749218271868	2.073257784064825	0.7041825286461776	-0.027729804045989046	0.17507909229700544	0.9701735112316917	0.1536603885941217
0.7500000000000001	1.413716694115407	1.0799224746714913	0.3545128818484213	0.09461619431847625	0.7377684274724562	-0.007110351253761064	0.09034557877640452	0.9922614865774532	0.07809267260997879
0.7500000000000001	1.5707963267948966	1.030835089459151	0.3641374094320437	5.175822062657763e-16	0.749999999999998	0.	0.	-0.9999999999999983	0.
0.7500000000000001	1.7278759594743864	1.0799224746714913	0.354512881848383	-0.09461619431848896	0.737768427472443	0.007110351253763214	0.09034557877643198	-0.9922614865775251	0.07809267260998445
0.7500000000000001	1.8849555921538759	2.8961557275280905	0.3375749218271858	-2.073257784064828	0.7041825286461733	0.027729804045990274	0.17507909229701304	-0.970173511231695	0.15366038859412223
0.7500000000000001	2.0420352248333655	2.84706834231575	0.32132516147568513	-2.053704530515938	0.6561758938477149	0.06024852198352293	0.25095315476625585	-0.936165675456553	0.2247534936570079
0.7500000000000001	2.199114857512855	2.748893571891069	0.2997539304517993	-2.0253155748394858	0.6008166321633917	0.10298655205126042	0.3169600157986066	-0.8925290666133673	0.2900002732030547
0.7500000000000001	2.356194490192345	2.748893571891069	0.27441286930095377	-2.0115696437638593	0.543864522830696	0.15453260753933298	0.3730747169503365	-0.8409065112224019	0.34831488163616214
0.7500000000000001	2.5132741228718345	2.7979809571034093	0.2477494997665769	-2.0094349691285758	0.4899316072754677	0.21368715619459655	0.4193846576390353	-0.7824340598046485	0.3986700660217143
0.7500000000000001	2.670353755551324	3.141592653589793	0.2490119275236936	-2.8784528855004786e-16	0.4429353363216537	0.2792787779789295	0.4557415450241829	-0.7180253228596436	0.4400064837528187
0.7500000000000001	2.827433388230814	2.945243112740431	0.2023421821185634	-2.0184045055681383	0.4063290641980427	0.3499790617160049	0.4817048530893743	-0.6486300471531677	0.47125731419889894
0.7500000000000001	2.9845130209103035	3.043417883165112	0.18896515288230278	-2.0239566618444287	0.383014153440088	0.4241803864614976	0.4966514214418938	-0.5754392805870434	0.4914715752063862
0.7500000000000001	3.141592653589793	3.141592653589793	0.1842876003855299	-2.0259008908769083	0.37500000000000117	0.4999999999999987	0.49999999999999883	-0.4999999999999985	0.49999999999999845
0.8	0.15707963267948966	3.043417883165112	0.20112420323671132	2.0275580278621095	0.4083965906702683	-0.4244857523989957	0.49700895901731906	0.5750870812010122	0.49117076851334474
0.8	0.3141592653589793	2.945243112740431	0.21541813115995945	2.0222783040704115	0.4328348161303949	-0.35054518901810605	0.48248406047267134	0.6478905390990228	0.47072003014776015
0.8	0.47123889803846897	3.141592653589793	0.26420210644737696	-3.799222731611142e-17	0.4712459779468214	-0.2800619648156895	0.45701958978508656	0.7168979224048554	0.4393156118655751
0.8	0.6283185307179586	2.7979809571034093	0.2635522532416525	2.0144769189636498	0.5206622739962712	-0.21463165557951536	0.42123834205432	0.7809742606996884	0.397926261226588
0.8	0.7853981633974483	2.748893571891069	0.29165273290820104	2.0175032060733145	0.5775793550597634	-0.15555573845588808	0.3755447734851669	0.8392407433681675	0.34762489799917307
0.8	0.9424777960769379	2.748893571891069	0.3181776744545225	2.0325951575928465	0.638039973289546	-0.10397076471366598	0.31998911090677146	0.8908607280753578	0.289458197152071
0.8	1.0995574287564276	2.7979809571034093	0.34058117445040326	2.056905965440196	0.6973433198843866	-0.06104945544775967	0.25428928274069845	0.9347616680388349	0.22441642129842282
0.8	1.2566370614359172	2.8961557275280905	0.3573966648162849	2.0839917074657635	0.7494214277990905	-0.028217379530148287	0.17815752274863425	0.9692943923463027	0.15352114984148063
0.8	1.413716694115407	1.030835089459151	0.3696644014923752	0.09886200558120065	0.7863898769814077	-0.00726274001193771	0.09228186153728839	0.9919810907443829	0.07807060497932965
0.8	1.5707963267948966	1.030835089459151	0.38005106658986976	-5.006777746071157e-17	0.8	0.	0.	-1.0000000000000049	0.
0.8	1.7278759594743864	1.030835089459151	0.36966440149239155	-0.09886200558119658	0.7863898769814208	0.007262740011939462	0.0922818615373108	-0.9919810907443646	0.0780706049793282
0.8	1.8849555921538759	2.8961557275280905	0.3573966648162852	-2.0839917074657652	0.7494214277990956	0.028217379530146858	0.17815752274862506	-0.9692943923463064	0.15352114984148124
0.8	2.0420352248333655	2.7979809571034093	0.3405811744504041	-2.056905965440196	0.6973433198843785	0.061049455447758395	0.25428928274069357	-0.9347616680388362	0.22441642129842315
0.8	2.199114857512855	2.748893571891069	0.3181776744545237	-2.032595157592847	0.6380399732895499	0.1039707647136648	0.319989110906768	-0.8908607280753587	0.2894581971520713
0.8	2.356194490192345	2.748893571891069	0.29165273290819993	-2.0175032060733114	0.5775793550597683	0.15555573845588969	0.3755447734851709	-0.839240743368159	0.34762489799916957
0.8	2.5132741228718345	2.7979809571034093	0.2635522532416561	-2.0144769189636453	0.5206622739962806	0.21463165557951244	0.4212383420543144	-0.780974260699681	0.39792626122658414
0.8	2.670353755551324	3.141592653589793	0.2642021064473747	-1.1041469354600222e-17	0.4712459779468178	0.28006196481569356	0.4570195897850933	-0.7168979224048613	0.43931561186557877
0.8	2.827433388230814	2.945243112740431	0.2154181311599656	-2.0222783040704058	0.4328348161304007	0.3505451890181007	0.48248406047266407	-0.6478905390990102	0.47072003014775093
0.8	2.9845130209103035	3.043417883165112	0.20112420323732852	-2.0275580278616108	0.408396590670077	0.42448575239834835	0.49700895901656106	-0.5750870812002731	0.4911707685127136
0.8	3.141592653589793	3.141592653589793	0.19611468349578895	-2.0293991645515788	0.39999999999999925	0.4999999999999989	0.49999999999999895	-0.49999999999999795	0.4999999999999979
0.8500000000000001	0.15707963267948966	3.043417883165112	0.21319477925787234	2.0313868714730923	0.4337544037364479	-0.42480477800608857	0.4973824900109625	0.5747195226715125	0.49085684387252176
0.8500000000000001	0.3141592653589793	2.945243112740431	0.22838962665160828	2.026432335059128	0.4592464530630111	-0.3511355084586788	0.48329656547797833	0.6471200424299312	0.47016023154997855
0.8500000000000001	0.47123889803846897	3.141592653589793	0.27919524474187624	1.5410349136709568e-17	0.499359554754446	-0.2808766978917259	0.4583491133297762	0.7157236520239758	0.43859601805068277
0.8500000000000001	0.6283185307179586	2.7979809571034093	0.27914453250675575	2.019919157094043	0.5510750632554823	-0.2156133125522739	0.42316495234185825	0.7794500015307605	0.3971496123883939
0.8500000000000001	0.7853981633974483	2.748893571891069	0.30860567109311204	2.0238739404682535	0.6108576524758449	-0.15662166297022628	0.3781181429041482	0.8374899546830837	0.34689969758096206
0.8500000000000001	0.9424777960769379	2.748893571891069	0.3362400132145938	2.0403163520522796	0.674740100849401	-0.10500360396777232	0.323167863275683	0.88908616363084	0.2888816062118126
0.8500000000000001	1.0995574287564276	2.7979809571034093	0.3594397980114357	2.066309025406873	0.7379806362010581	-0.0619012341814744	0.25783719650440834	0.9332404842925204	0.2240512173922748
0.8500000000000001	1.2566370614359172	2.8961557275280905	0.37674523177921576	2.0951999647684545	0.7942607001320899	-0.02874595144097082	0.1814947944512047	0.9683183346420665	0.15336655748827074
0.8500000000000001	1.413716694115407	2.9943304979527716	0.3872894595658028	2.115793843116952	0.8348628381092286	-0.007431300444783329	0.09442362490744306	0.991662028574654	0.07804549424198882
0.8500000000000001	1.5707963267948966	1.030835089459151	0.3941830421002044	4.0081396776955286e-16	0.8500000000000013	0.	0.	-1.0000000000000027	0.
0.8500000000000001	1.7278759594743864	2.9943304979527716	0.38728945956580346	-2.1157938431169296	0.8348628381092723	0.0074313004447865184	0.09442362490748374	-0.9916620285746257	0.07804549424198659
0.8500000000000001	1.8849555921538759	2.8961557275280905	0.3767452317792166	-2.09519996476845	0.7942607001321014	0.028745951440970252	0.18149479445120095	-0.9683183346420645	0.1533665574882704
0.8500000000000001	2.0420352248333655	2.7979809571034093	0.3594397980114368	-2.06630902540687	0.7379806362010592	0.06190123418147441	0.2578371965044088	-0.9332404842925188	0.22405121739227443
0.8500000000000001	2.199114857512855	2.748893571891069	0.33624001321459374	-2.040316352052278	0.6747401008493971	0.10500360396777335	0.32316786327568625	-0.8890861636308399	0.2888816062118125
0.8500000000000001	2.356194490192345	2.748893571891069	0.30860567109311154	-2.02387394046826	0.6108576524758391	0.15662166297022517	0.37811814290414564	-0.8374899546830906	0.3468996975809649
0.8500000000000001	2.5132741228718345	2.7979809571034093	0.2791445325067531	-2.019919157094056	0.5510750632554684	0.215613312552275	0.4231649523418606	-0.7794500015307742	0.39714961238840085
0.8500000000000001	2.670353755551324	3.141592653589793	0.2791952447418829	-2.0161775661484313e-16	0.4993595547544554	0.28087669789172576	0.45834911332977607	-0.7157236520239623	0.4385960180506745
0.8500000000000001	2.827433388230814	2.945243112740431	0.2283896266515704	-2.026432335059177	0.45924645306294204	0.35113550845869335	0.48329656547799843	-0.6471200424300267	0.470160231550048
0.8500000000000001	2.9845130209103035	3.043417883165112	0.21319477925861618	-2.0313868714724688	0.43375440373622176	0.4248047780053512	0.49738249001009915	-0.5747195226707026	0.49085684387183004
0.8500000000000001	3.141592653589793	3.141592653589793	0.20785656363394378	2.0331052238006997	0.4249999999999998	0.49999999999999706	0.49999999999999717	-0.499999999999996	0.4999999999999959
0.9	0.15707963267948966	3.043417883165112	0.22517192285988386	2.0354379671116476	0.45908732073310005	-0.42513653840255516	0.49777093152721874	0.5743377232270045	0.4905307563412468
0.9	0.3141592653589793	2.945243112740431	0.24124970667347467	2.0308550262913183	0.48556299611030107	-0.35174822381249976	0.48413989581337263	0.6463210140592163	0.4695797034575714
0.9	0.47123889803846897	3.141592653589793	0.29399513330473687	4.41815032643838e-16	0.5272739162293854	-0.2817202965162248	0.45972574116842424	0.7145063327280835	0.43785004382674203
0.9	0.6283185307179586	2.748893571891069	0.29468119102420226	2.0167081862435405	0.5811653526903612	-0.21662865901179187	0.42515768197003573	0.7778660705887057	0.3963425592631753
0.9	0.7853981633974483	2.6998061866787286	0.3253710940298592	2.0216439043110217	0.6436890665572366	-0.15772653222298608	0.3807855332388099	0.8356587982080539	0.3461412077341774
0.9	0.9424777960769379	2.748893571891069	0.3539314256651631	2.048424309438923	0.7108952925555894	-0.10608176903044964	0.32648611413944245	0.8872077312761119	0.28827126654172025
0.9	1.0995574287564276	2.7979809571034093	0.3778693068055759	2.076092241882156	0.7780497426626761	-0.06280253239444085	0.26159137374366037	0.9315993024886823	0.2236572045013845
0.9	1.2566370614359172	2.8961557275280905	0.39561538445574007	2.106824191721947	0.8386534779084599	-0.029316837908882936	0.1850992297526923	0.967237169583382	0.15319531776555256
0.9	1.413716694115407	2.9943304979527716	0.40638409133612025	2.128964182765471	0.8831622096058931	-0.00761754382733337	0.09679007145688158	0.9912986011637773	0.07801689188444598
0.9	1.5707963267948966	3.141592653589793	0.41006574866226086	-2.138493375773221	0.9000000000000025	0.	0.	-1.0000000000000013	0.
0.9	1.7278759594743864	2.9943304979527716	0.40638409133612596	-2.128964182765432	0.8831622096059327	0.007617543827334531	0.09679007145689648	-0.9912986011637419	0.07801689188444319
0.9	1.8849555921538759	2.8961557275280905	0.39561538445574107	-2.1068241917219477	0.8386534779084603	0.029316837908882544	0.18509922975268966	-0.9672371695833827	0.15319531776555267
0.9	2.0420352248333655	2.7979809571034093	0.3778693068055745	-2.0760922418821695	0.7780497426626671	0.06280253239443967	0.2615913737436559	-0.9315993024886976	0.22365720450138818
0.9	2.199114857512855	2.748893571891069	0.35393142566516156	-2.048424309438921	0.7108952925555867	0.10608176903045102	0.3264861141394469	-0.8872077312761111	0.28827126654172
0.9	2.356194490192345	2.6998061866787286	0.32537109402986064	-2.0216439043110164	0.6436890665572401	0.1577265322229875	0.3807855332388134	-0.8356587982080456	0.34614120773417395
0.9	2.5132741228718345	2.748893571891069	0.29468119102419943	-2.0167081862435494	0.5811653526903536	0.21662865901179196	0.425157681970036	-0.777866070588718	0.39634255926318157
0.9	2.670353755551324	3.141592653589793	0.29399513330474175	-1.5842601335436692e-16	0.5272739162293918	0.2817202965162255	0.4597257411684255	-0.7145063327280687	0.437850043826733
0.9	2.827433388230814	2.945243112740431	0.24124970667347528	-2.03085502629132	0.48556299611029824	0.3517482238124987	0.4841398958133713	-0.646321014059217	0.4695797034575719
0.9	2.9845130209103035	3.043417883165112	0.22517192285997342	-2.035437967111572	0.45908732073304276	0.42513653840246035	0.4977709315271077	-0.5743377232269316	0.4905307563411845
0.9	3.141592653589793	0.	0.21950896606183606	-2.037016000472637	0.4499999999999997	0.5000000000000007	0.5000000000000007	-0.5000000000000001	0.5
0.9500000000000001	0.15707963267948966	3.043417883165112	0.23705093207467076	2.0397059802148716	0.48439522046700684	-0.42548010456955027	0.4981731958247759	0.5739428035303833	0.4901934630560535
0.9500000000000001	0.3141592653589793	2.945243112740431	0.25399202858249037	2.0355347313426413	0.5117840280212596	-0.35238155202303967	0.4850115973120841	0.6454958968168334	0.46898022069038975
0.9500000000000001	0.47123889803846897	3.141592653589793	0.3086062751667075	-4.398741444870319e-16	0.5549880716332952	-0.28259012406937306	0.4611451707285404	0.7132497628484346	0.4370800168141402
0.9500000000000001	0.6283185307179586	2.748893571891069	0.3099942462167644	2.0225376565799986	0.6109304211610578	-0.2176742718776328	0.4272098127652264	0.7762273056157016	0.3955075668036897
0.9500000000000001	0.7853981633974483	2.6998061866787286	0.3418980414177977	2.0284596539948017	0.6760659303493401	-0.1588664549325231	0.3835375501042313	0.8337522045514728	0.345351470783687
0.9500000000000001	0.9424777960769379	2.6998061866787286	0.3713625557568472	2.0486520289415657	0.7464867906290645	-0.10720172039104389	0.32993297000438043	0.8852284019571315	0.28762814346065224
0.9500000000000001	1.0995574287564276	2.7979809571034093	0.3958673883563992	2.0861946616266973	0.8175137792733144	-0.06375162786135335	0.2655446408737849	0.9298359100717534	0.2232338514381569
0.9500000000000001	1.2566370614359172	2.8961557275280905	0.41400618994976984	2.1188036736446603	0.8825493696666836	-0.029931201114752094	0.1889781663743093	0.966042292082558	0.15300606776132816
0.9500000000000001	1.413716694115407	2.9943304979527716	0.42494799999618105	2.142606310875958	0.9312582419276572	-0.007823175486534044	0.09940286941892465	0.9908840416049682	0.07798426533958724
0.9500000000000001	1.5707963267948966	3.141592653589793	0.4286394296274594	2.1529007781668295	0.949999999999995	0.	0.	-0.9999999999999948	0.
0.9500000000000001	1.7278759594743864	2.9943304979527716	0.42494799999618915	-2.1426063108759874	0.9312582419275881	0.007823175486526371	0.09940286941882731	-0.9908840416049982	0.0779842653395896
0.9500000000000001	1.8849555921538759	2.8961557275280905	0.4140061899497725	-2.1188036736446545	0.882549369666695	0.029931201114750325	0.18897816637429798	-0.966042292082555	0.1530060677613277
0.9500000000000001	2.0420352248333655	2.7979809571034093	0.3958673883564002	-2.0861946616266946	0.8175137792733057	0.0637516278613524	0.2655446408737814	-0.9298359100717539	0.22323385143815705
0.9500000000000001	2.199114857512855	2.6998061866787286	0.3713625557568485	-2.0486520289415546	0.7464867906290681	0.10720172039104424	0.3299329700043816	-0.8852284019571222	0.2876281434606492
0.9500000000000001	2.356194490192345	2.6998061866787286	0.34189804141779756	-2.028459653994798	0.6760659303493444	0.15886645493252466	0.3835375501042351	-0.8337522045514676	0.34535147078368483
0.9500000000000001	2.5132741228718345	2.748893571891069	0.3099942462167682	-2.0225376565799853	0.6109304211610644	0.21767427187763058	0.4272098127652223	-0.7762273056156922	0.3955075668036849
0.9500000000000001	2.670353755551324	3.141592653589793	0.30860627516670386	-3.1046653122883094e-16	0.5549880716332898	0.28259012406937395	0.46114517072854194	-0.713249762848439	0.43708001681414294
0.9500000000000001	2.827433388230814	2.945243112740431	0.25399202858248554	-2.035534731342642	0.5117840280212517	0.35238155202304267	0.4850115973120883	-0.6454958968168398	0.46898022069039436
0.9500000000000001	2.9845130209103035	3.043417883165112	0.23705093207507819	-2.0397059802145048	0.4843952204669136	0.42548010456920105	0.498173195824367	-0.5739428035299923	0.4901934630557196
0.9500000000000001	3.141592653589793	3.141592653589793	0.2310677791995578	2.0411283199701584	0.47499999999999887	0.4999999999999977	0.4999999999999978	-0.49999999999999795	0.4999999999999979
1.	0.15707963267948966	3.043417883165112	0.24882736236140146	2.0441855026298876	0.5096781242596984	-0.4258345487930666	0.4985881966900911	0.5735358799109204	0.4898459174522113
1.	0.3141592653589793	2.945243112740431	0.2666108587976501	2.0404598420182682	0.5379096586718016	-0.3530337337842479	0.4859092484970722	0.6446471045009343	0.4683635369754449
1.	0.47123889803846897	3.141592653589793	0.3230336444453646	1.2481957974977658e-16	0.5825021158295116	-0.28348360503820236	0.4626031991549419	0.7119576931114512	0.43628823546098505
1.	0.6283185307179586	2.6998061866787286	0.32507548539496656	2.0189409517025445	0.6403693515395622	-0.21874679990575685	0.42931476754067144	0.7745385568318762	0.3946471063205279
1.	0.7853981633974483	2.6998061866787286	0.35811449238981813	2.0356057084620907	0.7079832298886792	-0.16003753553907754	0.38636478878720715	0.8317753419135162	0.3445326274680967
1.	0.9424777960769379	2.6998061866787286	0.3884555411229878	2.057151666919045	0.7814990524936964	-0.10835971253137636	0.33349690335085996	0.8831517689168112	0.2869534044840042
1.	1.0995574287564276	2.7979809571034093	0.4134355893407628	2.0965558148419534	0.8563378021372648	-0.06474637763362225	0.269688071871514	0.9279488540076914	0.22278080935998232
1.	1.2566370614359172	2.8961557275280905	0.43192092923319736	2.1310754966243577	0.925894732850253	-0.030589969047219508	0.19313746340574478	0.9647248053645758	0.15279739836486553
1.	1.413716694115407	2.9943304979527716	0.44297864030131007	2.156673346379246	0.9791155854447726	-0.00805010983375515	0.10228634369638617	0.9904103152559178	0.07794698226734918
1.	1.5707963267948966	3.141592653589793	0.4466427462560861	-2.167830653622	1.0000000000000013	0.	0.	-1.	0.
1.	1.7278759594743864	2.9943304979527716	0.4429786403012893	-2.156673346379349	0.979115585444675	0.008050109833754928	0.10228634369638351	-0.9904103152559997	0.07794698226735562
1.	1.8849555921538759	2.8961557275280905	0.43192092923319203	-2.1310754966243763	0.9258947328502524	0.03058996904721965	0.19313746340574553	-0.9647248053645909	0.15279739836486794
1.	2.0420352248333655	2.7979809571034093	0.41343558934076985	-2.096555814841939	0.8563378021372564	0.06474637763362005	0.2696880718715053	-0.9279488540076776	0.222780809359979
1.	2.199114857512855	2.6998061866787286	0.3884555411229871	-2.057151666919046	0.7814990524936909	0.10835971253137686	0.33349690335086163	-0.8831517689168097	0.2869534044840037
1.	2.356194490192345	2.6998061866787286	0.3581144923898174	-2.0356057084620924	0.7079832298886837	0.160037535539077	0.386364788787206	-0.8317753419135184	0.34453262746809765
1.	2.5132741228718345	2.6998061866787286	0.325075485394964	-2.018940951702548	0.6403693515395644	0.21874679990575938	0.42931476754067655	-0.7745385568318788	0.3946471063205292
1.	2.670353755551324	3.141592653589793	0.3230336444453535	1.8284814640223247e-16	0.5825021158294976	0.28348360503819825	0.4626031991549353	-0.7119576931114692	0.43628823546099615
1.	2.827433388230814	2.945243112740431	0.2666108587976519	-2.040459842018263	0.5379096586718213	0.3530337337842516	0.4859092484970774	-0.6446471045009213	0.4683635369754354
1.	2.9845130209103035	3.043417883165112	0.24882736236125055	-2.0441855026300275	0.5096781242597411	0.42583454879319066	0.49858819669023635	-0.5735358799110499	0.489845917452322
1.	3.141592653589793	0.	0.24252905714500272	2.0454389122043315	0.5000000000000004	0.5000000000000014	0.5000000000000016	-0.5000000000000004	0.5000000000000003
